{
  "configVersion": 1,
  "timestamp": 1627964511596,
  "index": "/index.html",
  "assetGroups": [
    {
      "name": "app",
      "installMode": "prefetch",
      "updateMode": "prefetch",
      "urls": [
        "/1-es2015.17a53d12bcbae14c0927.js",
        "/1-es5.17a53d12bcbae14c0927.js",
        "/10-es2015.798a5eee0d6370ba8a38.js",
        "/10-es5.798a5eee0d6370ba8a38.js",
        "/11-es2015.c2782bf637705d4c0ffc.js",
        "/11-es5.c2782bf637705d4c0ffc.js",
        "/12-es2015.fce4ff75ad2c6b1d1d66.js",
        "/12-es5.fce4ff75ad2c6b1d1d66.js",
        "/13-es2015.9e23c9aa1c3a1e660cab.js",
        "/13-es5.9e23c9aa1c3a1e660cab.js",
        "/14-es2015.aa6c864e3809ec1d1672.js",
        "/14-es5.aa6c864e3809ec1d1672.js",
        "/15-es2015.af2a4963f0c3f857e5bd.js",
        "/15-es5.af2a4963f0c3f857e5bd.js",
        "/16-es2015.4fcd64a34858fba44418.js",
        "/16-es5.4fcd64a34858fba44418.js",
        "/17-es2015.1cff268646b63fbc2110.js",
        "/17-es5.1cff268646b63fbc2110.js",
        "/18-es2015.9b6b37c1cd677221ad6b.js",
        "/18-es5.9b6b37c1cd677221ad6b.js",
        "/19-es2015.e7da8a3198e37d3078dc.js",
        "/19-es5.e7da8a3198e37d3078dc.js",
        "/20-es2015.f46710d3ccebc9ca0b85.js",
        "/20-es5.f46710d3ccebc9ca0b85.js",
        "/21-es2015.feb9891ec1f6f42720a1.js",
        "/21-es5.feb9891ec1f6f42720a1.js",
        "/22-es2015.fa0732b980cbb08f4dd2.js",
        "/22-es5.fa0732b980cbb08f4dd2.js",
        "/23-es2015.e8cfdc59b1b596ca7b2e.js",
        "/23-es5.e8cfdc59b1b596ca7b2e.js",
        "/24-es2015.78bf97552338f3102483.js",
        "/24-es5.78bf97552338f3102483.js",
        "/25-es2015.ec33b3e85849ae5bf060.js",
        "/25-es5.ec33b3e85849ae5bf060.js",
        "/26-es2015.4c5eee856bc9832bfc6d.js",
        "/26-es5.4c5eee856bc9832bfc6d.js",
        "/27-es2015.0fce45a0d556e179e211.js",
        "/27-es5.0fce45a0d556e179e211.js",
        "/28-es2015.4a6fdbce110e9879efe5.js",
        "/28-es5.4a6fdbce110e9879efe5.js",
        "/29-es2015.a07370c87e48815c6136.js",
        "/29-es5.a07370c87e48815c6136.js",
        "/3-es2015.158cfd438a76ce0a4c8d.js",
        "/3-es5.158cfd438a76ce0a4c8d.js",
        "/4-es2015.84e9d1a53c289c09c814.js",
        "/4-es5.84e9d1a53c289c09c814.js",
        "/5-es2015.128f117cbdecb5e4d6d4.js",
        "/5-es5.128f117cbdecb5e4d6d4.js",
        "/common-es2015.a6168b0c210c7b34fb10.js",
        "/common-es5.a6168b0c210c7b34fb10.js",
        "/favicon.ico",
        "/index.html",
        "/main-es2015.eae1859d4f2d7b9aff3e.js",
        "/main-es5.eae1859d4f2d7b9aff3e.js",
        "/manifest.webmanifest",
        "/polyfills-es2015.ee6fd77f901a128d9872.js",
        "/polyfills-es5.6a73375b3b2076a5a217.js",
        "/runtime-es2015.ba6c3d78f51913711fed.js",
        "/runtime-es5.ba6c3d78f51913711fed.js",
        "/scripts.ef3243724da640752c2e.js",
        "/styles.243174854258960f1534.css"
      ],
      "patterns": []
    },
    {
      "name": "assets",
      "installMode": "lazy",
      "updateMode": "prefetch",
      "urls": [
        "/01.0a3750e6fdb29fcd632e.png",
        "/02.351bd6828f980ec53eb3.png",
        "/03.e438ea2aabdb1087dc4f.png",
        "/04.0284d042a6c29213aaa1.png",
        "/05.5014f9cce435c71ade63.png",
        "/06.21612b9d3e9d84e7e876.png",
        "/07.f8da0281186df8f17f73.png",
        "/08.975f7e0074400e7561ba.png",
        "/09.fd19309a1932b4751387.png",
        "/Montserrat-Bold.ade91f473255991f410f.ttf",
        "/Montserrat-Regular.ee6539921d713482b8cc.ttf",
        "/arrow_left.270f72df47e036d9cfa1.svg",
        "/arrow_right.d9ccc77c8240ad0dc272.svg",
        "/assets/avatar.png",
        "/assets/fonts/Montserrat/Montserrat-Black.ttf",
        "/assets/fonts/Montserrat/Montserrat-BlackItalic.ttf",
        "/assets/fonts/Montserrat/Montserrat-Bold.ttf",
        "/assets/fonts/Montserrat/Montserrat-BoldItalic.ttf",
        "/assets/fonts/Montserrat/Montserrat-ExtraBold.ttf",
        "/assets/fonts/Montserrat/Montserrat-ExtraBoldItalic.ttf",
        "/assets/fonts/Montserrat/Montserrat-ExtraLight.ttf",
        "/assets/fonts/Montserrat/Montserrat-ExtraLightItalic.ttf",
        "/assets/fonts/Montserrat/Montserrat-Italic.ttf",
        "/assets/fonts/Montserrat/Montserrat-Light.ttf",
        "/assets/fonts/Montserrat/Montserrat-LightItalic.ttf",
        "/assets/fonts/Montserrat/Montserrat-Medium.ttf",
        "/assets/fonts/Montserrat/Montserrat-MediumItalic.ttf",
        "/assets/fonts/Montserrat/Montserrat-Regular.ttf",
        "/assets/fonts/Montserrat/Montserrat-SemiBold.ttf",
        "/assets/fonts/Montserrat/Montserrat-SemiBoldItalic.ttf",
        "/assets/fonts/Montserrat/Montserrat-Thin.ttf",
        "/assets/fonts/Montserrat/Montserrat-ThinItalic.ttf",
        "/assets/fonts/Montserrat/OFL.txt",
        "/assets/fonts/OpenSans-Bold.ttf",
        "/assets/fonts/OpenSans-BoldItalic.ttf",
        "/assets/fonts/OpenSans-ExtraBold.ttf",
        "/assets/fonts/OpenSans-ExtraBoldItalic.ttf",
        "/assets/fonts/OpenSans-Italic.ttf",
        "/assets/fonts/OpenSans-Light.ttf",
        "/assets/fonts/OpenSans-LightItalic.ttf",
        "/assets/fonts/OpenSans-Regular.ttf",
        "/assets/fonts/OpenSans-SemiBold.ttf",
        "/assets/fonts/OpenSans-SemiBoldItalic.ttf",
        "/assets/icon.png",
        "/assets/icons/icon-128x128.png",
        "/assets/icons/icon-144x144.png",
        "/assets/icons/icon-152x152.png",
        "/assets/icons/icon-192x192.png",
        "/assets/icons/icon-384x384.png",
        "/assets/icons/icon-512x512.png",
        "/assets/icons/icon-72x72.png",
        "/assets/icons/icon-96x96.png",
        "/assets/imgs/3298067.jpg",
        "/assets/imgs/aim.png",
        "/assets/imgs/aim2.png",
        "/assets/imgs/american.png",
        "/assets/imgs/axis.png",
        "/assets/imgs/breadcrumb.jpg",
        "/assets/imgs/breadcrumbs.jpg",
        "/assets/imgs/cancel.png",
        "/assets/imgs/close.png",
        "/assets/imgs/cod.png",
        "/assets/imgs/discount.png",
        "/assets/imgs/discount2.png",
        "/assets/imgs/flutter.png",
        "/assets/imgs/google-maps.png",
        "/assets/imgs/google-pay.png",
        "/assets/imgs/green_discount.png",
        "/assets/imgs/hdfc.png",
        "/assets/imgs/home.png",
        "/assets/imgs/icici.png",
        "/assets/imgs/instalogos.png",
        "/assets/imgs/instamojoapp.png",
        "/assets/imgs/kotak.png",
        "/assets/imgs/language.png",
        "/assets/imgs/logo.12345png.png",
        "/assets/imgs/logo.png",
        "/assets/imgs/logo123.png",
        "/assets/imgs/logo2.png",
        "/assets/imgs/logobck26.png",
        "/assets/imgs/mastercard.png",
        "/assets/imgs/mobi.png",
        "/assets/imgs/mobikwik.png",
        "/assets/imgs/non.png",
        "/assets/imgs/open.png",
        "/assets/imgs/pay.png",
        "/assets/imgs/payment-item.png",
        "/assets/imgs/paystack.png",
        "/assets/imgs/paytm.png",
        "/assets/imgs/paytmlogo.png",
        "/assets/imgs/phone.png",
        "/assets/imgs/razor.png",
        "/assets/imgs/razor.svg",
        "/assets/imgs/store.png",
        "/assets/imgs/stripe.png",
        "/assets/imgs/veg.png",
        "/assets/imgs/whatsapp.png",
        "/assets/imgs/yes.png",
        "/assets/imgs/zeta.png",
        "/assets/logo.png",
        "/assets/logobck.png",
        "/assets/map-marker.png",
        "/assets/placeholder.png",
        "/assets/your-logo.02junepng.png",
        "/assets/your-logo.png",
        "/assets/your-logo1234.png",
        "/assets/your-logobck.png",
        "/fa-brands-400.0cb5a5c0d251c109458c.svg",
        "/fa-brands-400.13685372945d816a2b47.ttf",
        "/fa-brands-400.a06da7f0950f9dd366fc.woff2",
        "/fa-brands-400.c1868c9545d2de1cf848.eot",
        "/fa-brands-400.ec3cfddedb8bebd2d7a3.woff",
        "/fa-regular-400.261d666b0147c6c5cda0.eot",
        "/fa-regular-400.89ffa3aba80d30ee0a93.svg",
        "/fa-regular-400.c20b5b7362d8d7bb7edd.woff2",
        "/fa-regular-400.db78b9359171f24936b1.ttf",
        "/fa-regular-400.f89ea91ecd1ca2db7e09.woff",
        "/fa-solid-900.1ab236ed440ee51810c5.ttf",
        "/fa-solid-900.a0369ea57eb6d3843d64.eot",
        "/fa-solid-900.b15db15f746f29ffa026.woff2",
        "/fa-solid-900.bea989e82b07e9687c26.woff",
        "/fa-solid-900.ec763292e583294612f1.svg",
        "/owl.video.play.4a37f8008959c75f619b.png"
      ],
      "patterns": []
    }
  ],
  "dataGroups": [],
  "hashTable": {
    "/01.0a3750e6fdb29fcd632e.png": "7c046ea4b1669da4eb81acccd7fc58b00201543d",
    "/02.351bd6828f980ec53eb3.png": "9775bb2755b51c9eb03a3057eaf3914dc3149a6b",
    "/03.e438ea2aabdb1087dc4f.png": "c284f2c9ece402ccc1301b4301252476864235c0",
    "/04.0284d042a6c29213aaa1.png": "2816672fcbef8e08b431d600f26b119e2122eaa6",
    "/05.5014f9cce435c71ade63.png": "8d9fe47653c2615fd4a1e861e882e2efdb0f34a0",
    "/06.21612b9d3e9d84e7e876.png": "9d566536e859c18075d00e7f8cd6c490d310c089",
    "/07.f8da0281186df8f17f73.png": "078e49f4fa97e117da76cbef2b492e8cf92d0d45",
    "/08.975f7e0074400e7561ba.png": "b3916a95cb81602b7bd41eaefa92eb3a8fd39b70",
    "/09.fd19309a1932b4751387.png": "4d1c1ec2c710745ddcc43fdd0ae41d3095398a77",
    "/1-es2015.17a53d12bcbae14c0927.js": "7553f9e90ec7fd4d9c4926aa536a3a1d0089ea39",
    "/1-es5.17a53d12bcbae14c0927.js": "63ee7e5a1ee508d7a45b7ff426230529b749ae65",
    "/10-es2015.798a5eee0d6370ba8a38.js": "d6c188a6a8821db0ef748fde99a96257d0f4ce98",
    "/10-es5.798a5eee0d6370ba8a38.js": "769848922240ead9293956f6c3804baf83bda520",
    "/11-es2015.c2782bf637705d4c0ffc.js": "2f7bdf92db92bdb38428dcc9c90d39ab0e880463",
    "/11-es5.c2782bf637705d4c0ffc.js": "30376caf26533df8b4ff513693e994d314e69f6e",
    "/12-es2015.fce4ff75ad2c6b1d1d66.js": "55ae0387536a02c18232dd52b4d4a9384d3fcff7",
    "/12-es5.fce4ff75ad2c6b1d1d66.js": "15010bd20417ae3623a8c2c73e62c6cb3efc6c02",
    "/13-es2015.9e23c9aa1c3a1e660cab.js": "f6c9b4774e68097ec6826a46c1edb982a92c138b",
    "/13-es5.9e23c9aa1c3a1e660cab.js": "1eac101fba061d2cccbbc28a65476da202c01603",
    "/14-es2015.aa6c864e3809ec1d1672.js": "8fa541f8ebd81e5bb5850d6dbf7284ddbbc958aa",
    "/14-es5.aa6c864e3809ec1d1672.js": "3b7e5d5d73c4f9ff8c81a0927519ea9149633455",
    "/15-es2015.af2a4963f0c3f857e5bd.js": "2f69d1fde81298e2bc16ac85debd74e60ccac7b6",
    "/15-es5.af2a4963f0c3f857e5bd.js": "beb8c34d8a8655e1ff9279fc37a06b7712db8525",
    "/16-es2015.4fcd64a34858fba44418.js": "b7e8555d023fa1cfd885b073f40af36690f32132",
    "/16-es5.4fcd64a34858fba44418.js": "ba2b7e3ad9b123b4739e2669bf8db70f61d258fd",
    "/17-es2015.1cff268646b63fbc2110.js": "5b417521319cd7b2389cbcf9aac09dab82d11c18",
    "/17-es5.1cff268646b63fbc2110.js": "e1c8fbcff8a6cdb6c9a076df3c5e3b57957481c7",
    "/18-es2015.9b6b37c1cd677221ad6b.js": "82173be464aeb0e52a247ccbe56265bb2aaa5f5f",
    "/18-es5.9b6b37c1cd677221ad6b.js": "ccd3cdd09273010413a1027294cefb875266f4ce",
    "/19-es2015.e7da8a3198e37d3078dc.js": "31a85010f69ae96e06d973696180c718cf65e249",
    "/19-es5.e7da8a3198e37d3078dc.js": "846d0d2ef55eb07915f3c5f1750251d3d04a4460",
    "/20-es2015.f46710d3ccebc9ca0b85.js": "16db67cde790071f2ae819d61796b6b7dd07d62a",
    "/20-es5.f46710d3ccebc9ca0b85.js": "a365da5231c55110bf437c28c6209de2443dd00e",
    "/21-es2015.feb9891ec1f6f42720a1.js": "1a4a1f0c800fc18d453eaff916e830b421594e78",
    "/21-es5.feb9891ec1f6f42720a1.js": "63a8f942b85780a40b33dceaa6e69ed2e0e47ef4",
    "/22-es2015.fa0732b980cbb08f4dd2.js": "833649e5ff176bd01e1d0a53838724752aedb3e4",
    "/22-es5.fa0732b980cbb08f4dd2.js": "8477bd1b4619350c6edfccc4bf7d3312d06e618d",
    "/23-es2015.e8cfdc59b1b596ca7b2e.js": "71ca3be6c0378eef3937c74a96f247399434d659",
    "/23-es5.e8cfdc59b1b596ca7b2e.js": "bf683312bd694eb98978738a55ce1bdc9d8be8b2",
    "/24-es2015.78bf97552338f3102483.js": "e61d42d106f745e2ed7739a06267ee60ca210a8e",
    "/24-es5.78bf97552338f3102483.js": "dad6c5e66657c50fc9d67fd8147ee77f789b6c38",
    "/25-es2015.ec33b3e85849ae5bf060.js": "9cf2b5615e4803388a13144161e8d2051d83ed08",
    "/25-es5.ec33b3e85849ae5bf060.js": "bf8e446ae6f9c1c2e9b845fa6a8f2906b569bf0b",
    "/26-es2015.4c5eee856bc9832bfc6d.js": "5feabc69b57ad3a01aa76a45ee271e859eac9fb8",
    "/26-es5.4c5eee856bc9832bfc6d.js": "602c43f6752b1151e66426a9c52e4e68ebf71363",
    "/27-es2015.0fce45a0d556e179e211.js": "d51cdbf1724b4c8c8b832f3edf82ced224c6af96",
    "/27-es5.0fce45a0d556e179e211.js": "1ed6c19990a0d020fe131b14813c2899282185c6",
    "/28-es2015.4a6fdbce110e9879efe5.js": "0256fb1673c7948dc67b327e01094cdfa3c250c0",
    "/28-es5.4a6fdbce110e9879efe5.js": "d6d0e76d977a62f5183c3de79e53d7d2a8672a65",
    "/29-es2015.a07370c87e48815c6136.js": "f1822df287f0bbed872e66c48c12e94d31f500c7",
    "/29-es5.a07370c87e48815c6136.js": "e11ade8922c2444f2cb9b64f5327ae1afa5f047b",
    "/3-es2015.158cfd438a76ce0a4c8d.js": "8ce8bd8f0f5ce4f3342b92db008a6c00f5925d7d",
    "/3-es5.158cfd438a76ce0a4c8d.js": "21272533977a2126401e6d7a0c1b976429889a13",
    "/4-es2015.84e9d1a53c289c09c814.js": "c175ffa8f568435f10f7ecb3790e996a8c8c27df",
    "/4-es5.84e9d1a53c289c09c814.js": "f7970284b1abc674a030e63b8a4d929adf1103f5",
    "/5-es2015.128f117cbdecb5e4d6d4.js": "9370c36151fb53ae3ba20f17f2aad831d285a5d1",
    "/5-es5.128f117cbdecb5e4d6d4.js": "aebcdadf9db2e9e0997d35a49f64a4bf0c13801f",
    "/Montserrat-Bold.ade91f473255991f410f.ttf": "3a54407a2b26ff4718708a4726b10cb070d16534",
    "/Montserrat-Regular.ee6539921d713482b8cc.ttf": "d25b35242deb1c6ff888b8162ca2aacc356d3899",
    "/arrow_left.270f72df47e036d9cfa1.svg": "fb5b615955042a7c6aa16b1f0e8dcbdb279a8ac0",
    "/arrow_right.d9ccc77c8240ad0dc272.svg": "fac5123a15d035a642b74740b89636e2ace09810",
    "/assets/avatar.png": "6422f77d3bc69fae29efefa14f7aeda3a7d878bb",
    "/assets/fonts/Montserrat/Montserrat-Black.ttf": "96d03479269d1ba7a3e38f4b64ff87ead267c998",
    "/assets/fonts/Montserrat/Montserrat-BlackItalic.ttf": "6e84efcb6bf01c47102d6e9f0dbe5958e74c9f20",
    "/assets/fonts/Montserrat/Montserrat-Bold.ttf": "3a54407a2b26ff4718708a4726b10cb070d16534",
    "/assets/fonts/Montserrat/Montserrat-BoldItalic.ttf": "6acf078ad5e1b77e6d68b8ff0cde39d81b9f057c",
    "/assets/fonts/Montserrat/Montserrat-ExtraBold.ttf": "4b5c27dcf59df165606efa247190c0bfa3c02ff0",
    "/assets/fonts/Montserrat/Montserrat-ExtraBoldItalic.ttf": "28423e53b60316c09f468055ca8c1d27c06ab45b",
    "/assets/fonts/Montserrat/Montserrat-ExtraLight.ttf": "fe3c849af6231af6c5c43d1045f2011bf683f317",
    "/assets/fonts/Montserrat/Montserrat-ExtraLightItalic.ttf": "40d3231d668844dab24536fa0c380bdc2311a992",
    "/assets/fonts/Montserrat/Montserrat-Italic.ttf": "798c701450f6bc08217f73c1ac569100cddc2947",
    "/assets/fonts/Montserrat/Montserrat-Light.ttf": "83879cec4c934d446eca63aa5cfedcebfd60d610",
    "/assets/fonts/Montserrat/Montserrat-LightItalic.ttf": "659632ad8a33d96e6a00319d7b0c020e9cc6cc5b",
    "/assets/fonts/Montserrat/Montserrat-Medium.ttf": "65a98832079c4d2c67f3acc4f4ce2de630fe6cb0",
    "/assets/fonts/Montserrat/Montserrat-MediumItalic.ttf": "ceadac9926836d5fc0ee14f94567f0ea25979fa2",
    "/assets/fonts/Montserrat/Montserrat-Regular.ttf": "d25b35242deb1c6ff888b8162ca2aacc356d3899",
    "/assets/fonts/Montserrat/Montserrat-SemiBold.ttf": "f829de4c176fb2ccf5e33360920f48de6794434e",
    "/assets/fonts/Montserrat/Montserrat-SemiBoldItalic.ttf": "3c2759411b32ad6779aba08e4c09ed1b3c0bc4d4",
    "/assets/fonts/Montserrat/Montserrat-Thin.ttf": "1d00ff2f5bc9331aa6e75b5a82dd698976615dc4",
    "/assets/fonts/Montserrat/Montserrat-ThinItalic.ttf": "ae19fb168e043e6408692c4bc50dd0aab76fdc22",
    "/assets/fonts/Montserrat/OFL.txt": "53cb409d0dadcd9ebc8993d8bd46728c0c85d1ac",
    "/assets/fonts/OpenSans-Bold.ttf": "1e3704ee48b5ff7e582488ead87b05249f14dc1c",
    "/assets/fonts/OpenSans-BoldItalic.ttf": "72068cc905085ca406e6391cc5021ac043689ade",
    "/assets/fonts/OpenSans-ExtraBold.ttf": "5acb1de2513aca9ce4fcf5d1e1e49aad86f1888c",
    "/assets/fonts/OpenSans-ExtraBoldItalic.ttf": "5e6be0eaf06fa67b53ec5c4d412dab0a6f5248ba",
    "/assets/fonts/OpenSans-Italic.ttf": "b8d9f5ceb1e6b3a716dab0bdd09061bbc349b41e",
    "/assets/fonts/OpenSans-Light.ttf": "bf0d133b628259eca01049d30fa6316094d00bcf",
    "/assets/fonts/OpenSans-LightItalic.ttf": "f8b6e01898801a17b9bf11f6190347cd917c440d",
    "/assets/fonts/OpenSans-Regular.ttf": "babe8dce93a3e48b6c3c79720a0c048e88dd1fe7",
    "/assets/fonts/OpenSans-SemiBold.ttf": "e256f8391718ef61f253dfb4e95bbeb3c5857afc",
    "/assets/fonts/OpenSans-SemiBoldItalic.ttf": "b59e91cb19bc660ffbe3bd12501b4781196a8312",
    "/assets/icon.png": "2862f57f16c5e8bb26f0a1c278c68f5b9aff2013",
    "/assets/icons/icon-128x128.png": "4276e4dfdc347de43eee083111dc6811ad9e076f",
    "/assets/icons/icon-144x144.png": "69bbc78b1503d1b2b7f327ab4d6904ba02839583",
    "/assets/icons/icon-152x152.png": "4abaaa84a10e3811b9cb0665c016a54d0ee3c31b",
    "/assets/icons/icon-192x192.png": "0dfba34762add20c6f270443f10917e198941188",
    "/assets/icons/icon-384x384.png": "5925ffaa51e7ccbabb3cd99462203477ea416efc",
    "/assets/icons/icon-512x512.png": "4c154dd56e888f06f9a2286e00a0e5dbe4a3c99b",
    "/assets/icons/icon-72x72.png": "657214fbb9cbf5a69d2a8f75df9e7f881e456276",
    "/assets/icons/icon-96x96.png": "308e5f9cc4ab4b4b39fa89f867d1a46d92ad0772",
    "/assets/imgs/3298067.jpg": "c43b4a61ddce757a4028fafe5c998890bbd1a7bf",
    "/assets/imgs/aim.png": "6d61c87d23ea455ab7e5dd4162ef6576897a50f7",
    "/assets/imgs/aim2.png": "281e298352114c443d9c62a431d78b5037e3e3e3",
    "/assets/imgs/american.png": "c3e2129f7314e9ea1c6a27681bf635d4e37f8f83",
    "/assets/imgs/axis.png": "d9bc62bced13d9cc149d4f03262e8b5da18bc302",
    "/assets/imgs/breadcrumb.jpg": "cb6bcf23bebe6b40239ab0dcc0f7230bb92c6f14",
    "/assets/imgs/breadcrumbs.jpg": "e986c75ef6bc2ea2b4169306af1d90c96f6bf3f5",
    "/assets/imgs/cancel.png": "2352479208c96b1fd18129d95bf7192c30838c24",
    "/assets/imgs/close.png": "7b241461d338d4d3d7d1553b9f52bc3348f8863d",
    "/assets/imgs/cod.png": "d8d5da2d212cf5400ef70e9d125f19d959338edf",
    "/assets/imgs/discount.png": "a278c466191fbe9b14038b57f07c4e741943bb31",
    "/assets/imgs/discount2.png": "be517959ee367bf8ab8e5bf6bd5aa0066b677754",
    "/assets/imgs/flutter.png": "13cb960dc943f9f91dd11a28d4c093e4593be3d6",
    "/assets/imgs/google-maps.png": "fff2e2ca97d9e546604ec423d2489ae31ae7ed78",
    "/assets/imgs/google-pay.png": "ac0e36ad4f86216dd8906c1d06581a57d2df3a19",
    "/assets/imgs/green_discount.png": "539ad70d5f8e46f3951d6c9bb9606222458a567b",
    "/assets/imgs/hdfc.png": "f3b1bbe4616445cb2b8482f3190b2945f3776df3",
    "/assets/imgs/home.png": "12d8b9c4831bcb6f488e5f4f36c153124891fad9",
    "/assets/imgs/icici.png": "3866f8f62024f0bce848baa85d1a3e8548df6c19",
    "/assets/imgs/instalogos.png": "82aed0166c7ed87405c35e865cf3c23e4cbbf9d6",
    "/assets/imgs/instamojoapp.png": "ef5eb88ea05121c8b1fad09cc7abea6837274cc4",
    "/assets/imgs/kotak.png": "04e0d3c08034c11e748f984f43fb36388a020ec4",
    "/assets/imgs/language.png": "5668bb40d0002ae78e1341ec479c5bdf9c00b8fa",
    "/assets/imgs/logo.12345png.png": "166493244238ad8f8a239d826163ef3f956fed67",
    "/assets/imgs/logo.png": "c0ea8b6cd594b4be866ff8e3712f18c818ff7ed3",
    "/assets/imgs/logo123.png": "13d9d6e29b2031d7c2f88b19b97e1530782dd9f3",
    "/assets/imgs/logo2.png": "246a6dc6eacfb0e13ddf695560d069c9dce41d81",
    "/assets/imgs/logobck26.png": "e7df24d427f6aeba91a57a68b3f3fc7a965897a4",
    "/assets/imgs/mastercard.png": "65c11764eb037921e7014d74d69836006dfbd522",
    "/assets/imgs/mobi.png": "4fc097f5e8546562f811d572a597f03d73d812f8",
    "/assets/imgs/mobikwik.png": "b2a3675b2fad101bf436df12384399ca39b0d15f",
    "/assets/imgs/non.png": "53ca244f516296ff39568b48f2a72c9a6402c94e",
    "/assets/imgs/open.png": "4528b491afc10ee8f10fc98308a82187cec32cc1",
    "/assets/imgs/pay.png": "218c6ec70ef824f0be8d83f477580dd480e64088",
    "/assets/imgs/payment-item.png": "0847dff27b3e9b4d6005cbb1df4dc9f7d29dbb7d",
    "/assets/imgs/paystack.png": "811c8b0703c9a7a13b9514cf252995bd3a6c5478",
    "/assets/imgs/paytm.png": "39befb652e235109b89f3c0d9a68892ff25cff03",
    "/assets/imgs/paytmlogo.png": "0ae0362237177d20ae34bea75440dd3bbe286ad6",
    "/assets/imgs/phone.png": "ad04f1abe8559c89870ae19c0a80d8af4a4d0da8",
    "/assets/imgs/razor.png": "89734404cd70d2b2f8c44ac3495dad11fde34039",
    "/assets/imgs/razor.svg": "4b96ebdf5c3f68fc7889471c00144823c02c4002",
    "/assets/imgs/store.png": "17393af8b3eab8b9c7891613cfc8958571d6ee30",
    "/assets/imgs/stripe.png": "ad44a0d66d3597698110fe94f58cbc193a5b45e1",
    "/assets/imgs/veg.png": "7e0974d7f1c2d22165860958e4ae4be268624185",
    "/assets/imgs/whatsapp.png": "e004132328764190939aef8be60a3e7c2a215aa9",
    "/assets/imgs/yes.png": "17e497791b34a70c8184ab534faf08ffcb12af4f",
    "/assets/imgs/zeta.png": "391436c46a464e3033d404e9e1f7a86b258c1339",
    "/assets/logo.png": "e7df24d427f6aeba91a57a68b3f3fc7a965897a4",
    "/assets/logobck.png": "b1a9713cad29d7d05efead556ea66a19f10ee618",
    "/assets/map-marker.png": "49d11594f81b75db6419ba86b661414ab40c0c6f",
    "/assets/placeholder.png": "2936faef49f46e05e292ae916cdc16b72ea032b6",
    "/assets/your-logo.02junepng.png": "e7df24d427f6aeba91a57a68b3f3fc7a965897a4",
    "/assets/your-logo.png": "c0ea8b6cd594b4be866ff8e3712f18c818ff7ed3",
    "/assets/your-logo1234.png": "166493244238ad8f8a239d826163ef3f956fed67",
    "/assets/your-logobck.png": "6ee501ee79d3e6a06fd5681a27f6452931b9de1f",
    "/common-es2015.a6168b0c210c7b34fb10.js": "786289ea7915df8a7fb46fd45b7985fd9acd1946",
    "/common-es5.a6168b0c210c7b34fb10.js": "56b69bd40fa15591b356da1d6da1adda75e20023",
    "/fa-brands-400.0cb5a5c0d251c109458c.svg": "d49c07aef6414916b3c6860b42b906e39748e842",
    "/fa-brands-400.13685372945d816a2b47.ttf": "66c86edfd13e63e0e981ce853335c28bc2d20cec",
    "/fa-brands-400.a06da7f0950f9dd366fc.woff2": "509988477da79c146cb93fb728405f18e923c2de",
    "/fa-brands-400.c1868c9545d2de1cf848.eot": "a17db2a5a355befd089bb6e7d53c3d501bf9e827",
    "/fa-brands-400.ec3cfddedb8bebd2d7a3.woff": "8436788e76679c0485b62c80eb7512c6c2e34e88",
    "/fa-regular-400.261d666b0147c6c5cda0.eot": "6299f0e32575f73d8d897f87ce899827f99e20fe",
    "/fa-regular-400.89ffa3aba80d30ee0a93.svg": "3372e92825af3975013cece2390f806023b1b05d",
    "/fa-regular-400.c20b5b7362d8d7bb7edd.woff2": "260bb01acd44d88dcb7f501a238ab968f86bef9e",
    "/fa-regular-400.db78b9359171f24936b1.ttf": "00f569f7d8ac2497a43b25dc4d3b32213bcea31b",
    "/fa-regular-400.f89ea91ecd1ca2db7e09.woff": "8469cb3d9c8189fea64f60aef2753509d770b8df",
    "/fa-solid-900.1ab236ed440ee51810c5.ttf": "ff8f37dfad105796bd924d0db0d37a4ff252618c",
    "/fa-solid-900.a0369ea57eb6d3843d64.eot": "5be5944a17e8b32589a12fdc2b8a8570c9081db4",
    "/fa-solid-900.b15db15f746f29ffa026.woff2": "75a88815c47a249eadb5f0edc1675957f860cca7",
    "/fa-solid-900.bea989e82b07e9687c26.woff": "15c52209092ce0fb7210e40e2a01acc8b4a5c494",
    "/fa-solid-900.ec763292e583294612f1.svg": "a4115fd7ce47ed2b41f7d4e9e7448f28ba3f7508",
    "/favicon.ico": "895c1dd8be4879cead397348cb801931a3edc8ba",
    "/index.html": "7840dfadd5141733700f7a1b1bf81157d1dc653f",
    "/main-es2015.eae1859d4f2d7b9aff3e.js": "ad422b4e2e2ee78fcb63ddfd351a9dfbd5424eed",
    "/main-es5.eae1859d4f2d7b9aff3e.js": "3322432697327a4e89e9977ab732d2d233e86dc5",
    "/manifest.webmanifest": "c7d9d360ed4208e4b87216d5d868a7946e66a4a0",
    "/owl.video.play.4a37f8008959c75f619b.png": "c0d64356ec2758cb280d183b4829c923e5ff61e5",
    "/polyfills-es2015.ee6fd77f901a128d9872.js": "252ad0ce099a26a52485195bd3ee990a38fd1399",
    "/polyfills-es5.6a73375b3b2076a5a217.js": "13149e5ae01be34cedc2658ad3b8daaacb8cc4b2",
    "/runtime-es2015.ba6c3d78f51913711fed.js": "a4dc383ff0e7daaac771d9ac1d160117e03be7bf",
    "/runtime-es5.ba6c3d78f51913711fed.js": "c041f07235245b369ffe01d1b37f433821c478f0",
    "/scripts.ef3243724da640752c2e.js": "d7e0e064690e562fbdc6734e457ecfd68754b34c",
    "/styles.243174854258960f1534.css": "297682dd7ca6cfb6e03c470f82908bb2f6e66476"
  },
  "navigationUrls": [
    {
      "positive": true,
      "regex": "^\\/.*$"
    },
    {
      "positive": false,
      "regex": "^\\/(?:.+\\/)?[^/]*\\.[^/]*$"
    },
    {
      "positive": false,
      "regex": "^\\/(?:.+\\/)?[^/]*__[^/]*$"
    },
    {
      "positive": false,
      "regex": "^\\/(?:.+\\/)?[^/]*__[^/]*\\/.*$"
    }
  ]
}